country,ip,date,ISO_A3
United States,66.249.18.4,2024-05-31,USA
United States,43.147.58.246,2024-05-31,USA
United States,72.234.222.76,2024-05-31,USA
United States,246.78.232.254,2024-05-31,USA
United States,74.142.168.167,2024-05-31,USA
United States,95.148.254.15,2024-05-31,USA
United States,225.6.102.43,2024-05-31,USA
United States,187.230.63.169,2024-05-31,USA
United States,152.21.184.166,2024-05-31,USA
United States,49.104.152.92,2024-05-31,USA
United States,186.66.163.17,2024-05-31,USA
United States,74.134.251.10,2024-05-31,USA
United States,36.211.239.194,2024-05-31,USA
United States,2.134.25.140,2024-05-31,USA
United States,56.124.17.184,2024-05-31,USA
United States,215.208.156.61,2024-05-31,USA
United States,16.182.106.171,2024-05-31,USA
United States,239.64.85.23,2024-05-31,USA
United States,233.10.40.170,2024-05-31,USA
United States,165.237.197.215,2024-05-31,USA
United States,234.206.112.68,2024-05-31,USA
United States,90.59.64.232,2024-05-31,USA
United States,154.76.192.184,2024-05-31,USA
United States,73.19.142.29,2024-05-31,USA
United States,145.166.81.107,2024-05-31,USA
United States,139.7.108.154,2024-05-31,USA
United States,223.71.121.68,2024-05-31,USA
United States,150.139.156.201,2024-05-31,USA
United States,201.202.177.184,2024-05-31,USA
United States,164.215.47.134,2024-05-31,USA
United States,156.28.44.25,2024-05-31,USA
United States,132.24.253.142,2024-05-31,USA
United States,58.1.54.40,2024-05-31,USA
United States,131.94.14.9,2024-05-31,USA
United States,46.32.37.69,2024-05-31,USA
United States,206.204.240.38,2024-05-31,USA
United States,176.160.66.208,2024-05-31,USA
United States,230.92.172.33,2024-05-31,USA
United States,139.197.154.196,2024-05-31,USA
United States,225.193.104.87,2024-05-31,USA
Canada,72.19.184.96,2024-05-31,CAN
Canada,206.139.130.31,2024-05-31,CAN
Canada,79.142.255.60,2024-05-31,CAN
Canada,144.127.113.83,2024-05-31,CAN
Canada,130.73.100.121,2024-05-31,CAN
Canada,58.2.159.146,2024-05-31,CAN
Canada,186.240.5.47,2024-05-31,CAN
Canada,142.220.47.62,2024-05-31,CAN
Canada,146.136.102.123,2024-05-31,CAN
Canada,21.9.168.248,2024-05-31,CAN
Canada,58.118.113.190,2024-05-31,CAN
Canada,77.71.168.122,2024-05-31,CAN
Canada,136.164.43.162,2024-05-31,CAN
Canada,188.63.184.186,2024-05-31,CAN
Canada,232.54.138.106,2024-05-31,CAN
Canada,189.140.13.68,2024-05-31,CAN
Canada,231.174.152.149,2024-05-31,CAN
Canada,129.101.166.36,2024-05-31,CAN
Canada,253.239.128.195,2024-05-31,CAN
Canada,119.180.18.228,2024-05-31,CAN
Canada,51.174.181.152,2024-05-31,CAN
Canada,84.138.122.206,2024-05-31,CAN
Canada,231.123.66.205,2024-05-31,CAN
Canada,198.32.126.248,2024-05-31,CAN
Canada,208.121.27.121,2024-05-31,CAN
Canada,174.191.166.103,2024-05-31,CAN
Canada,219.170.250.210,2024-05-31,CAN
Canada,11.129.198.54,2024-05-31,CAN
Canada,64.250.201.132,2024-05-31,CAN
Canada,130.32.21.21,2024-05-31,CAN
Canada,227.1.86.232,2024-05-31,CAN
Canada,177.231.120.241,2024-05-31,CAN
Canada,231.180.87.107,2024-05-31,CAN
Canada,211.96.223.241,2024-05-31,CAN
Canada,172.138.215.4,2024-05-31,CAN
Canada,179.127.102.154,2024-05-31,CAN
Canada,41.107.203.244,2024-05-31,CAN
Canada,44.255.42.142,2024-05-31,CAN
Canada,201.11.61.72,2024-05-31,CAN
Canada,3.170.108.171,2024-05-31,CAN
Canada,239.198.40.250,2024-05-31,CAN
Canada,168.56.199.116,2024-05-31,CAN
Canada,27.209.124.31,2024-05-31,CAN
Canada,173.249.106.242,2024-05-31,CAN
Canada,171.220.98.65,2024-05-31,CAN
Canada,0.108.12.210,2024-05-31,CAN
Canada,19.58.229.125,2024-05-31,CAN
Canada,205.193.102.102,2024-05-31,CAN
Canada,171.78.4.214,2024-05-31,CAN
Canada,128.179.65.193,2024-05-31,CAN
Canada,17.247.150.28,2024-05-31,CAN
Canada,127.78.246.72,2024-05-31,CAN
Canada,26.143.161.232,2024-05-31,CAN
Canada,250.211.66.216,2024-05-31,CAN
Canada,41.162.173.0,2024-05-31,CAN
Canada,176.140.28.89,2024-05-31,CAN
Canada,12.147.61.187,2024-05-31,CAN
Canada,246.39.201.82,2024-05-31,CAN
Canada,210.35.136.95,2024-05-31,CAN
Canada,130.47.63.126,2024-05-31,CAN
Canada,25.55.180.64,2024-05-31,CAN
Canada,24.143.0.112,2024-05-31,CAN
Canada,48.155.81.42,2024-05-31,CAN
Canada,21.218.9.254,2024-05-31,CAN
Canada,181.216.222.106,2024-05-31,CAN
Canada,15.161.233.74,2024-05-31,CAN
Canada,145.38.9.107,2024-05-31,CAN
Canada,103.91.210.105,2024-05-31,CAN
Canada,176.137.129.174,2024-05-31,CAN
Canada,175.42.150.188,2024-05-31,CAN
Canada,22.11.237.245,2024-05-31,CAN
Canada,208.120.159.188,2024-05-31,CAN
Canada,238.101.159.126,2024-05-31,CAN
Canada,201.185.20.246,2024-05-31,CAN
Canada,0.75.181.40,2024-05-31,CAN
Canada,78.165.156.51,2024-05-31,CAN
Canada,88.247.102.2,2024-05-31,CAN
Canada,110.15.92.4,2024-05-31,CAN
Canada,90.238.84.140,2024-05-31,CAN
Canada,196.180.172.166,2024-05-31,CAN
Canada,150.223.52.232,2024-05-31,CAN
Canada,43.52.166.138,2024-05-31,CAN
Canada,253.252.5.9,2024-05-31,CAN
Canada,175.246.103.240,2024-05-31,CAN
Canada,94.77.38.9,2024-05-31,CAN
Canada,15.198.227.20,2024-05-31,CAN
Canada,67.131.86.95,2024-05-31,CAN
Canada,127.126.82.112,2024-05-31,CAN
Canada,170.115.17.212,2024-05-31,CAN
Canada,118.126.25.138,2024-05-31,CAN
Canada,233.32.8.32,2024-05-31,CAN
Canada,57.183.49.127,2024-05-31,CAN
United Kingdom,68.8.242.121,2024-05-31,GBR
United Kingdom,141.95.39.34,2024-05-31,GBR
United Kingdom,137.194.189.149,2024-05-31,GBR
United Kingdom,99.96.204.111,2024-05-31,GBR
United Kingdom,117.12.104.136,2024-05-31,GBR
United Kingdom,244.79.255.31,2024-05-31,GBR
United Kingdom,57.47.193.156,2024-05-31,GBR
United Kingdom,53.88.46.133,2024-05-31,GBR
United Kingdom,164.140.245.206,2024-05-31,GBR
United Kingdom,33.48.190.178,2024-05-31,GBR
United Kingdom,198.154.71.22,2024-05-31,GBR
United Kingdom,173.106.250.237,2024-05-31,GBR
United Kingdom,31.49.149.60,2024-05-31,GBR
United Kingdom,218.21.113.211,2024-05-31,GBR
United Kingdom,135.192.122.233,2024-05-31,GBR
United Kingdom,225.149.0.61,2024-05-31,GBR
United Kingdom,229.252.72.157,2024-05-31,GBR
United Kingdom,176.42.228.158,2024-05-31,GBR
United Kingdom,189.18.222.12,2024-05-31,GBR
United Kingdom,118.34.170.228,2024-05-31,GBR
United Kingdom,231.178.55.184,2024-05-31,GBR
United Kingdom,39.89.32.180,2024-05-31,GBR
United Kingdom,117.223.86.14,2024-05-31,GBR
United Kingdom,109.9.94.92,2024-05-31,GBR
United Kingdom,17.129.109.111,2024-05-31,GBR
United Kingdom,79.196.209.153,2024-05-31,GBR
United Kingdom,124.1.157.124,2024-05-31,GBR
United Kingdom,28.52.131.37,2024-05-31,GBR
United Kingdom,56.29.101.237,2024-05-31,GBR
United Kingdom,158.166.12.234,2024-05-31,GBR
United Kingdom,140.254.36.125,2024-05-31,GBR
United Kingdom,126.23.196.83,2024-05-31,GBR
United Kingdom,83.151.72.118,2024-05-31,GBR
United Kingdom,79.1.179.4,2024-05-31,GBR
United Kingdom,66.218.27.143,2024-05-31,GBR
United Kingdom,113.17.54.33,2024-05-31,GBR
United Kingdom,203.62.82.169,2024-05-31,GBR
United Kingdom,60.185.50.253,2024-05-31,GBR
United Kingdom,118.79.77.18,2024-05-31,GBR
United Kingdom,117.37.171.111,2024-05-31,GBR
United Kingdom,187.144.178.183,2024-05-31,GBR
United Kingdom,86.74.29.19,2024-05-31,GBR
United Kingdom,65.103.74.80,2024-05-31,GBR
United Kingdom,194.150.123.253,2024-05-31,GBR
United Kingdom,162.240.24.115,2024-05-31,GBR
United Kingdom,91.200.254.168,2024-05-31,GBR
United Kingdom,24.249.56.83,2024-05-31,GBR
United Kingdom,200.247.148.46,2024-05-31,GBR
United Kingdom,89.182.200.108,2024-05-31,GBR
United Kingdom,157.191.16.56,2024-05-31,GBR
United Kingdom,191.246.47.20,2024-05-31,GBR
United Kingdom,32.34.101.143,2024-05-31,GBR
United Kingdom,167.95.171.24,2024-05-31,GBR
United Kingdom,215.113.244.23,2024-05-31,GBR
United Kingdom,155.175.16.65,2024-05-31,GBR
United Kingdom,123.247.161.177,2024-05-31,GBR
United Kingdom,144.207.165.86,2024-05-31,GBR
United Kingdom,95.170.170.0,2024-05-31,GBR
Australia,13.149.196.238,2024-05-31,AUS
Australia,7.176.14.180,2024-05-31,AUS
Australia,24.71.117.86,2024-05-31,AUS
Australia,11.107.165.190,2024-05-31,AUS
Australia,197.222.255.35,2024-05-31,AUS
Germany,71.212.162.231,2024-05-31,DEU
Germany,98.75.26.131,2024-05-31,DEU
Germany,149.106.94.238,2024-05-31,DEU
Germany,117.173.181.119,2024-05-31,DEU
Germany,252.57.168.46,2024-05-31,DEU
Germany,23.81.88.175,2024-05-31,DEU
Germany,140.150.39.142,2024-05-31,DEU
Germany,155.107.255.34,2024-05-31,DEU
Germany,6.190.6.64,2024-05-31,DEU
Germany,247.182.140.123,2024-05-31,DEU
Germany,86.139.104.187,2024-05-31,DEU
Germany,4.147.176.243,2024-05-31,DEU
Germany,224.220.39.58,2024-05-31,DEU
Germany,139.223.187.83,2024-05-31,DEU
Germany,7.250.218.243,2024-05-31,DEU
Germany,226.14.182.38,2024-05-31,DEU
Germany,30.27.132.121,2024-05-31,DEU
Germany,85.4.163.117,2024-05-31,DEU
Germany,78.215.89.186,2024-05-31,DEU
Germany,84.98.232.253,2024-05-31,DEU
France,14.247.30.226,2024-05-31,FRA
France,248.50.172.148,2024-05-31,FRA
France,125.107.83.153,2024-05-31,FRA
France,176.249.185.30,2024-05-31,FRA
France,4.47.198.148,2024-05-31,FRA
France,247.14.207.161,2024-05-31,FRA
France,91.190.196.141,2024-05-31,FRA
France,43.79.236.107,2024-05-31,FRA
France,240.138.141.202,2024-05-31,FRA
France,251.225.248.232,2024-05-31,FRA
France,213.180.124.42,2024-05-31,FRA
France,253.159.164.23,2024-05-31,FRA
France,171.240.26.186,2024-05-31,FRA
France,250.214.114.127,2024-05-31,FRA
France,144.207.220.40,2024-05-31,FRA
France,101.252.239.143,2024-05-31,FRA
France,116.29.130.45,2024-05-31,FRA
France,98.195.137.226,2024-05-31,FRA
France,76.16.86.156,2024-05-31,FRA
France,186.178.145.144,2024-05-31,FRA
France,36.189.167.7,2024-05-31,FRA
France,198.233.82.100,2024-05-31,FRA
France,69.252.26.163,2024-05-31,FRA
France,163.128.175.72,2024-05-31,FRA
France,14.191.175.219,2024-05-31,FRA
France,129.188.77.142,2024-05-31,FRA
France,84.160.251.57,2024-05-31,FRA
France,209.216.114.74,2024-05-31,FRA
France,227.169.84.21,2024-05-31,FRA
France,218.119.88.236,2024-05-31,FRA
France,55.187.163.223,2024-05-31,FRA
France,152.0.254.230,2024-05-31,FRA
France,115.217.221.21,2024-05-31,FRA
France,103.132.111.31,2024-05-31,FRA
France,166.203.43.4,2024-05-31,FRA
France,47.110.87.185,2024-05-31,FRA
France,171.236.90.143,2024-05-31,FRA
France,14.16.120.1,2024-05-31,FRA
France,179.66.30.64,2024-05-31,FRA
France,194.136.219.236,2024-05-31,FRA
France,121.61.196.66,2024-05-31,FRA
France,125.69.112.255,2024-05-31,FRA
France,206.69.197.208,2024-05-31,FRA
France,178.80.107.131,2024-05-31,FRA
France,178.21.229.221,2024-05-31,FRA
France,79.151.170.176,2024-05-31,FRA
France,102.105.86.17,2024-05-31,FRA
France,52.38.124.181,2024-05-31,FRA
France,172.226.187.103,2024-05-31,FRA
France,14.185.24.39,2024-05-31,FRA
France,157.69.231.250,2024-05-31,FRA
France,69.8.4.59,2024-05-31,FRA
France,118.212.117.143,2024-05-31,FRA
France,47.9.26.226,2024-05-31,FRA
France,150.56.218.76,2024-05-31,FRA
France,239.205.154.76,2024-05-31,FRA
France,175.247.208.91,2024-05-31,FRA
France,179.165.97.199,2024-05-31,FRA
France,223.118.105.126,2024-05-31,FRA
France,0.182.36.82,2024-05-31,FRA
France,194.0.117.150,2024-05-31,FRA
France,234.88.149.240,2024-05-31,FRA
France,227.241.42.77,2024-05-31,FRA
France,174.67.209.233,2024-05-31,FRA
France,24.9.158.176,2024-05-31,FRA
France,88.120.47.21,2024-05-31,FRA
France,187.243.114.164,2024-05-31,FRA
France,87.213.7.182,2024-05-31,FRA
France,37.8.173.114,2024-05-31,FRA
France,23.38.229.34,2024-05-31,FRA
France,29.9.30.58,2024-05-31,FRA
France,223.240.109.167,2024-05-31,FRA
France,60.165.208.73,2024-05-31,FRA
France,252.67.18.195,2024-05-31,FRA
India,74.81.12.151,2024-05-31,IND
India,252.7.155.111,2024-05-31,IND
India,206.211.32.58,2024-05-31,IND
India,122.34.91.253,2024-05-31,IND
India,131.196.91.150,2024-05-31,IND
India,183.102.128.107,2024-05-31,IND
India,176.88.244.96,2024-05-31,IND
China,74.88.48.122,2024-05-31,CHN
China,231.120.180.103,2024-05-31,CHN
China,47.27.56.49,2024-05-31,CHN
China,78.90.49.139,2024-05-31,CHN
China,150.69.143.205,2024-05-31,CHN
China,254.152.30.235,2024-05-31,CHN
China,240.221.130.231,2024-05-31,CHN
China,84.162.52.244,2024-05-31,CHN
China,2.71.14.179,2024-05-31,CHN
China,1.249.115.133,2024-05-31,CHN
China,117.58.232.149,2024-05-31,CHN
Japan,168.240.123.59,2024-05-31,JPN
Japan,37.94.78.153,2024-05-31,JPN
Japan,151.40.128.159,2024-05-31,JPN
Japan,112.9.31.80,2024-05-31,JPN
Japan,7.176.100.8,2024-05-31,JPN
Japan,163.181.214.65,2024-05-31,JPN
Japan,8.207.216.213,2024-05-31,JPN
Japan,155.200.229.84,2024-05-31,JPN
Japan,50.238.145.147,2024-05-31,JPN
Japan,17.110.250.140,2024-05-31,JPN
Japan,196.29.188.147,2024-05-31,JPN
Japan,227.193.23.34,2024-05-31,JPN
Japan,28.3.63.105,2024-05-31,JPN
Japan,9.173.0.255,2024-05-31,JPN
Japan,251.127.19.228,2024-05-31,JPN
Japan,227.243.123.185,2024-05-31,JPN
Japan,173.72.103.89,2024-05-31,JPN
Japan,147.239.220.188,2024-05-31,JPN
Japan,180.4.137.10,2024-05-31,JPN
Japan,123.15.132.117,2024-05-31,JPN
Japan,217.8.203.76,2024-05-31,JPN
Japan,121.30.10.233,2024-05-31,JPN
Japan,147.5.57.98,2024-05-31,JPN
Japan,250.115.37.115,2024-05-31,JPN
Japan,44.18.213.73,2024-05-31,JPN
Japan,49.91.99.155,2024-05-31,JPN
Japan,244.25.187.176,2024-05-31,JPN
Japan,250.155.5.17,2024-05-31,JPN
Japan,115.154.237.142,2024-05-31,JPN
Japan,93.154.35.63,2024-05-31,JPN
Japan,161.62.136.200,2024-05-31,JPN
Japan,160.139.195.210,2024-05-31,JPN
Japan,182.71.202.212,2024-05-31,JPN
Japan,108.222.48.68,2024-05-31,JPN
Japan,210.124.97.1,2024-05-31,JPN
Japan,205.243.65.20,2024-05-31,JPN
Japan,64.79.191.67,2024-05-31,JPN
Japan,222.102.226.99,2024-05-31,JPN
Japan,170.47.136.43,2024-05-31,JPN
Japan,62.134.17.175,2024-05-31,JPN
Japan,31.71.136.214,2024-05-31,JPN
Japan,106.53.58.171,2024-05-31,JPN
Japan,252.139.221.210,2024-05-31,JPN
Japan,11.23.58.40,2024-05-31,JPN
Japan,8.192.73.191,2024-05-31,JPN
Japan,67.146.50.197,2024-05-31,JPN
Japan,156.82.164.39,2024-05-31,JPN
Japan,184.150.36.96,2024-05-31,JPN
Japan,252.75.215.215,2024-05-31,JPN
Japan,56.185.78.4,2024-05-31,JPN
Japan,161.121.114.163,2024-05-31,JPN
Japan,160.133.249.194,2024-05-31,JPN
Japan,5.122.95.160,2024-05-31,JPN
Japan,245.195.141.81,2024-05-31,JPN
Japan,203.223.66.109,2024-05-31,JPN
Japan,72.29.185.45,2024-05-31,JPN
Japan,252.98.244.146,2024-05-31,JPN
Japan,78.38.165.220,2024-05-31,JPN
Japan,53.25.233.63,2024-05-31,JPN
Japan,156.145.18.115,2024-05-31,JPN
Japan,122.203.169.191,2024-05-31,JPN
Japan,165.212.232.96,2024-05-31,JPN
Japan,233.2.171.152,2024-05-31,JPN
Japan,240.185.36.242,2024-05-31,JPN
Japan,2.79.34.117,2024-05-31,JPN
Japan,187.225.172.109,2024-05-31,JPN
Japan,152.207.33.79,2024-05-31,JPN
Japan,30.79.159.215,2024-05-31,JPN
Japan,54.254.106.222,2024-05-31,JPN
Japan,174.76.75.196,2024-05-31,JPN
Japan,205.47.162.10,2024-05-31,JPN
Japan,14.187.79.227,2024-05-31,JPN
Japan,181.104.40.119,2024-05-31,JPN
Japan,235.32.37.170,2024-05-31,JPN
Japan,152.133.23.119,2024-05-31,JPN
Japan,130.69.242.0,2024-05-31,JPN
Japan,147.164.33.129,2024-05-31,JPN
Japan,167.153.23.229,2024-05-31,JPN
Japan,60.87.74.53,2024-05-31,JPN
Japan,101.186.146.227,2024-05-31,JPN
Japan,179.162.182.201,2024-05-31,JPN
Japan,203.109.129.36,2024-05-31,JPN
Japan,217.139.100.89,2024-05-31,JPN
Japan,38.71.206.116,2024-05-31,JPN
Japan,17.61.64.40,2024-05-31,JPN
Japan,134.96.83.89,2024-05-31,JPN
Japan,216.44.124.146,2024-05-31,JPN
Japan,40.46.86.10,2024-05-31,JPN
Japan,187.50.22.6,2024-05-31,JPN
Japan,135.138.6.0,2024-05-31,JPN
Japan,18.19.141.232,2024-05-31,JPN
Japan,135.132.201.5,2024-05-31,JPN
Japan,191.248.50.168,2024-05-31,JPN
Japan,240.244.35.98,2024-05-31,JPN
Japan,136.177.139.247,2024-05-31,JPN
Japan,163.73.203.238,2024-05-31,JPN
Japan,129.198.38.220,2024-05-31,JPN
Japan,10.186.163.248,2024-05-31,JPN
Japan,115.252.79.33,2024-05-31,JPN
Brazil,185.160.34.113,2024-05-31,BRA
Brazil,85.219.26.207,2024-05-31,BRA
Brazil,136.225.163.29,2024-05-31,BRA
Brazil,93.197.78.10,2024-05-31,BRA
Brazil,93.170.27.172,2024-05-31,BRA
Brazil,31.48.139.55,2024-05-31,BRA
Brazil,129.84.197.123,2024-05-31,BRA
Brazil,49.229.197.138,2024-05-31,BRA
Brazil,104.233.169.200,2024-05-31,BRA
Brazil,137.81.76.133,2024-05-31,BRA
Brazil,102.31.31.18,2024-05-31,BRA
Brazil,146.135.215.114,2024-05-31,BRA
Brazil,201.124.235.66,2024-05-31,BRA
Brazil,1.231.86.54,2024-05-31,BRA
Brazil,157.180.203.59,2024-05-31,BRA
Brazil,134.61.146.89,2024-05-31,BRA
Brazil,148.224.209.188,2024-05-31,BRA
Brazil,54.99.134.181,2024-05-31,BRA
Brazil,227.242.31.45,2024-05-31,BRA
Brazil,252.192.247.152,2024-05-31,BRA
Brazil,44.13.255.94,2024-05-31,BRA
Brazil,213.56.153.199,2024-05-31,BRA
Brazil,221.84.115.128,2024-05-31,BRA
Brazil,191.193.60.171,2024-05-31,BRA
Brazil,185.246.142.104,2024-05-31,BRA
Brazil,182.156.32.154,2024-05-31,BRA
Brazil,134.139.166.51,2024-05-31,BRA
Brazil,246.169.244.82,2024-05-31,BRA
Brazil,213.126.139.57,2024-05-31,BRA
Brazil,78.9.228.177,2024-05-31,BRA
Brazil,159.162.75.255,2024-05-31,BRA
Brazil,100.225.230.195,2024-05-31,BRA
Brazil,34.167.72.235,2024-05-31,BRA
Brazil,181.153.150.96,2024-05-31,BRA
Brazil,190.131.133.72,2024-05-31,BRA
Brazil,88.152.87.89,2024-05-31,BRA
Brazil,50.15.235.187,2024-05-31,BRA
Brazil,196.189.191.184,2024-05-31,BRA
Brazil,200.221.195.202,2024-05-31,BRA
Brazil,124.114.195.163,2024-05-31,BRA
Brazil,161.64.46.124,2024-05-31,BRA
Brazil,181.243.24.170,2024-05-31,BRA
Brazil,130.250.94.239,2024-05-31,BRA
Brazil,66.163.101.201,2024-05-31,BRA
Brazil,116.102.36.65,2024-05-31,BRA
Brazil,148.121.152.53,2024-05-31,BRA
Brazil,14.48.14.150,2024-05-31,BRA
Brazil,215.4.82.197,2024-05-31,BRA
Brazil,178.10.27.139,2024-05-31,BRA
Brazil,11.172.101.227,2024-05-31,BRA
Brazil,61.168.148.192,2024-05-31,BRA
Brazil,167.157.193.181,2024-05-31,BRA
Brazil,81.199.18.8,2024-05-31,BRA
Brazil,180.5.31.11,2024-05-31,BRA
Brazil,8.245.23.207,2024-05-31,BRA
Brazil,77.113.156.234,2024-05-31,BRA
Brazil,98.183.253.128,2024-05-31,BRA
Brazil,214.240.147.21,2024-05-31,BRA
Brazil,137.166.226.131,2024-05-31,BRA
Brazil,227.60.28.171,2024-05-31,BRA
Brazil,79.15.162.152,2024-05-31,BRA
Brazil,151.163.2.227,2024-05-31,BRA
United States,25.181.148.19,2024-06-01,USA
Canada,195.53.109.214,2024-06-01,CAN
Canada,240.136.3.242,2024-06-01,CAN
Canada,215.193.253.81,2024-06-01,CAN
Canada,246.41.254.118,2024-06-01,CAN
Canada,68.115.182.83,2024-06-01,CAN
Canada,195.73.161.244,2024-06-01,CAN
Canada,67.19.219.49,2024-06-01,CAN
Canada,140.99.114.141,2024-06-01,CAN
Canada,41.168.241.66,2024-06-01,CAN
Canada,83.236.204.59,2024-06-01,CAN
Canada,92.168.50.14,2024-06-01,CAN
Canada,92.163.129.32,2024-06-01,CAN
Canada,66.149.107.157,2024-06-01,CAN
Canada,54.233.156.241,2024-06-01,CAN
Canada,202.171.142.61,2024-06-01,CAN
Canada,116.190.11.225,2024-06-01,CAN
Canada,160.182.207.44,2024-06-01,CAN
Canada,153.134.7.12,2024-06-01,CAN
Canada,129.82.185.87,2024-06-01,CAN
Canada,46.48.123.82,2024-06-01,CAN
Canada,21.111.147.185,2024-06-01,CAN
Canada,192.6.151.7,2024-06-01,CAN
Canada,18.186.31.227,2024-06-01,CAN
Canada,66.212.29.93,2024-06-01,CAN
Canada,172.131.104.66,2024-06-01,CAN
Canada,6.234.111.205,2024-06-01,CAN
Canada,138.18.29.168,2024-06-01,CAN
Canada,152.50.38.67,2024-06-01,CAN
Canada,0.177.182.200,2024-06-01,CAN
Canada,212.66.108.83,2024-06-01,CAN
United States,66.249.18.4,2024-06-02,USA
United States,43.147.58.246,2024-06-02,USA
United States,72.234.222.76,2024-06-02,USA
United States,246.78.232.254,2024-06-02,USA
United States,74.142.168.167,2024-06-02,USA
United States,95.148.254.15,2024-06-02,USA
United States,225.6.102.43,2024-06-02,USA
United States,187.230.63.169,2024-06-02,USA
United States,152.21.184.166,2024-06-02,USA
United States,49.104.152.92,2024-06-02,USA
United States,186.66.163.17,2024-06-02,USA
United States,74.134.251.10,2024-06-02,USA
United States,36.211.239.194,2024-06-02,USA
United States,2.134.25.140,2024-06-02,USA
United States,56.124.17.184,2024-06-02,USA
United States,215.208.156.61,2024-06-02,USA
United States,16.182.106.171,2024-06-02,USA
United States,239.64.85.23,2024-06-02,USA
United States,233.10.40.170,2024-06-02,USA
United States,165.237.197.215,2024-06-02,USA
United States,234.206.112.68,2024-06-02,USA
United States,90.59.64.232,2024-06-02,USA
United States,154.76.192.184,2024-06-02,USA
United States,73.19.142.29,2024-06-02,USA
United States,145.166.81.107,2024-06-02,USA
United States,139.7.108.154,2024-06-02,USA
United States,223.71.121.68,2024-06-02,USA
United States,150.139.156.201,2024-06-02,USA
United States,201.202.177.184,2024-06-02,USA
United States,164.215.47.134,2024-06-02,USA
United States,156.28.44.25,2024-06-02,USA
United States,132.24.253.142,2024-06-02,USA
United States,58.1.54.40,2024-06-03,USA
United States,131.94.14.9,2024-06-03,USA
United States,46.32.37.69,2024-06-03,USA
United States,206.204.240.38,2024-06-03,USA
United States,176.160.66.208,2024-06-03,USA
United States,230.92.172.33,2024-06-03,USA
United States,139.197.154.196,2024-06-03,USA
United States,225.193.104.87,2024-06-03,USA
Canada,72.19.184.96,2024-06-03,CAN
Canada,206.139.130.31,2024-06-03,CAN
Canada,79.142.255.60,2024-06-03,CAN
Canada,144.127.113.83,2024-06-03,CAN
Canada,130.73.100.121,2024-06-03,CAN
Canada,58.2.159.146,2024-06-03,CAN
Canada,186.240.5.47,2024-06-03,CAN
Canada,142.220.47.62,2024-06-03,CAN
Canada,146.136.102.123,2024-06-03,CAN
Canada,21.9.168.248,2024-06-03,CAN
Canada,58.118.113.190,2024-06-03,CAN
Canada,77.71.168.122,2024-06-03,CAN
Canada,136.164.43.162,2024-06-03,CAN
Canada,188.63.184.186,2024-06-03,CAN
Canada,232.54.138.106,2024-06-03,CAN
Canada,189.140.13.68,2024-06-03,CAN
Canada,231.174.152.149,2024-06-03,CAN
Canada,129.101.166.36,2024-06-03,CAN
Canada,253.239.128.195,2024-06-03,CAN
Canada,119.180.18.228,2024-06-03,CAN
Canada,51.174.181.152,2024-06-03,CAN
Canada,84.138.122.206,2024-06-03,CAN
Canada,231.123.66.205,2024-06-03,CAN
Canada,198.32.126.248,2024-06-03,CAN
Canada,208.121.27.121,2024-06-03,CAN
Canada,174.191.166.103,2024-06-03,CAN
Canada,219.170.250.210,2024-06-03,CAN
Canada,11.129.198.54,2024-06-03,CAN
Canada,64.250.201.132,2024-06-04,CAN
Canada,130.32.21.21,2024-06-04,CAN
Canada,227.1.86.232,2024-06-04,CAN
Canada,177.231.120.241,2024-06-04,CAN
Canada,231.180.87.107,2024-06-04,CAN
Canada,211.96.223.241,2024-06-04,CAN
Canada,172.138.215.4,2024-06-04,CAN
Canada,179.127.102.154,2024-06-04,CAN
Canada,41.107.203.244,2024-06-04,CAN
Canada,44.255.42.142,2024-06-04,CAN
Canada,201.11.61.72,2024-06-04,CAN
Canada,3.170.108.171,2024-06-04,CAN
Canada,239.198.40.250,2024-06-04,CAN
Canada,168.56.199.116,2024-06-04,CAN
Canada,27.209.124.31,2024-06-04,CAN
Canada,173.249.106.242,2024-06-04,CAN
Canada,171.220.98.65,2024-06-04,CAN
Canada,0.108.12.210,2024-06-04,CAN
Canada,19.58.229.125,2024-06-04,CAN
Canada,205.193.102.102,2024-06-04,CAN
Canada,171.78.4.214,2024-06-04,CAN
Canada,128.179.65.193,2024-06-04,CAN
Canada,17.247.150.28,2024-06-04,CAN
Canada,127.78.246.72,2024-06-04,CAN
Canada,26.143.161.232,2024-06-04,CAN
Canada,250.211.66.216,2024-06-04,CAN
Canada,41.162.173.0,2024-06-04,CAN
Canada,176.140.28.89,2024-06-04,CAN
Canada,12.147.61.187,2024-06-05,CAN
Canada,246.39.201.82,2024-06-05,CAN
Canada,210.35.136.95,2024-06-05,CAN
Canada,130.47.63.126,2024-06-05,CAN
Canada,25.55.180.64,2024-06-05,CAN
Canada,24.143.0.112,2024-06-05,CAN
Canada,48.155.81.42,2024-06-05,CAN
Canada,21.218.9.254,2024-06-05,CAN
Canada,181.216.222.106,2024-06-05,CAN
Canada,15.161.233.74,2024-06-05,CAN
Canada,145.38.9.107,2024-06-05,CAN
Canada,103.91.210.105,2024-06-05,CAN
Canada,176.137.129.174,2024-06-05,CAN
Canada,175.42.150.188,2024-06-05,CAN
Canada,22.11.237.245,2024-06-05,CAN
Canada,208.120.159.188,2024-06-05,CAN
Canada,238.101.159.126,2024-06-05,CAN
Canada,201.185.20.246,2024-06-05,CAN
Canada,0.75.181.40,2024-06-05,CAN
Canada,78.165.156.51,2024-06-05,CAN
Canada,88.247.102.2,2024-06-05,CAN
Canada,110.15.92.4,2024-06-05,CAN
Canada,90.238.84.140,2024-06-05,CAN
Canada,196.180.172.166,2024-06-05,CAN
Canada,150.223.52.232,2024-06-05,CAN
Canada,43.52.166.138,2024-06-05,CAN
Canada,253.252.5.9,2024-06-05,CAN
Canada,175.246.103.240,2024-06-05,CAN
Canada,94.77.38.9,2024-06-05,CAN
Canada,15.198.227.20,2024-06-05,CAN
Canada,67.131.86.95,2024-06-05,CAN
Canada,127.126.82.112,2024-06-05,CAN
Canada,170.115.17.212,2024-06-05,CAN
Canada,118.126.25.138,2024-06-05,CAN
Canada,233.32.8.32,2024-06-05,CAN
Canada,57.183.49.127,2024-06-05,CAN
United Kingdom,68.8.242.121,2024-06-05,GBR
United Kingdom,141.95.39.34,2024-06-05,GBR
United Kingdom,137.194.189.149,2024-06-05,GBR
United Kingdom,99.96.204.111,2024-06-05,GBR
United Kingdom,117.12.104.136,2024-06-05,GBR
United Kingdom,244.79.255.31,2024-06-05,GBR
United Kingdom,57.47.193.156,2024-06-05,GBR
United Kingdom,53.88.46.133,2024-06-05,GBR
United Kingdom,164.140.245.206,2024-06-05,GBR
United Kingdom,33.48.190.178,2024-06-05,GBR
United Kingdom,198.154.71.22,2024-06-05,GBR
United Kingdom,173.106.250.237,2024-06-05,GBR
United Kingdom,31.49.149.60,2024-06-05,GBR
United Kingdom,218.21.113.211,2024-06-05,GBR
United Kingdom,135.192.122.233,2024-06-05,GBR
United Kingdom,225.149.0.61,2024-06-05,GBR
United Kingdom,229.252.72.157,2024-06-05,GBR
United Kingdom,176.42.228.158,2024-06-05,GBR
United Kingdom,189.18.222.12,2024-06-05,GBR
United Kingdom,118.34.170.228,2024-06-05,GBR
United Kingdom,231.178.55.184,2024-06-05,GBR
United Kingdom,39.89.32.180,2024-06-05,GBR
United Kingdom,117.223.86.14,2024-06-05,GBR
United Kingdom,109.9.94.92,2024-06-05,GBR
United Kingdom,17.129.109.111,2024-06-05,GBR
United Kingdom,79.196.209.153,2024-06-05,GBR
United Kingdom,124.1.157.124,2024-06-05,GBR
United Kingdom,28.52.131.37,2024-06-05,GBR
United Kingdom,56.29.101.237,2024-06-05,GBR
United Kingdom,158.166.12.234,2024-06-05,GBR
United Kingdom,140.254.36.125,2024-06-05,GBR
United Kingdom,126.23.196.83,2024-06-05,GBR
United Kingdom,83.151.72.118,2024-06-05,GBR
United Kingdom,79.1.179.4,2024-06-05,GBR
United Kingdom,66.218.27.143,2024-06-05,GBR
United Kingdom,113.17.54.33,2024-06-05,GBR
United Kingdom,203.62.82.169,2024-06-05,GBR
United Kingdom,60.185.50.253,2024-06-05,GBR
United Kingdom,118.79.77.18,2024-06-05,GBR
United Kingdom,117.37.171.111,2024-06-05,GBR
United Kingdom,187.144.178.183,2024-06-05,GBR
United Kingdom,86.74.29.19,2024-06-05,GBR
United Kingdom,65.103.74.80,2024-06-05,GBR
United Kingdom,194.150.123.253,2024-06-05,GBR
United Kingdom,162.240.24.115,2024-06-05,GBR
United Kingdom,91.200.254.168,2024-06-05,GBR
United Kingdom,24.249.56.83,2024-06-05,GBR
United Kingdom,200.247.148.46,2024-06-05,GBR
United Kingdom,89.182.200.108,2024-06-05,GBR
United Kingdom,157.191.16.56,2024-06-05,GBR
United Kingdom,191.246.47.20,2024-06-05,GBR
United Kingdom,32.34.101.143,2024-06-05,GBR
United Kingdom,167.95.171.24,2024-06-05,GBR
United Kingdom,215.113.244.23,2024-06-05,GBR
United Kingdom,155.175.16.65,2024-06-05,GBR
United Kingdom,123.247.161.177,2024-06-05,GBR
United Kingdom,144.207.165.86,2024-06-05,GBR
United Kingdom,95.170.170.0,2024-06-05,GBR
Australia,13.149.196.238,2024-06-05,AUS
Australia,7.176.14.180,2024-06-05,AUS
Australia,24.71.117.86,2024-06-05,AUS
Australia,11.107.165.190,2024-06-06,AUS
Australia,197.222.255.35,2024-06-06,AUS
Germany,71.212.162.231,2024-06-06,DEU
Germany,98.75.26.131,2024-06-06,DEU
Germany,149.106.94.238,2024-06-06,DEU
Germany,117.173.181.119,2024-06-06,DEU
Germany,252.57.168.46,2024-06-06,DEU
Germany,23.81.88.175,2024-06-06,DEU
Germany,140.150.39.142,2024-06-06,DEU
Germany,155.107.255.34,2024-06-06,DEU
Germany,6.190.6.64,2024-06-06,DEU
Germany,247.182.140.123,2024-06-06,DEU
Germany,86.139.104.187,2024-06-06,DEU
Germany,4.147.176.243,2024-06-06,DEU
Germany,224.220.39.58,2024-06-06,DEU
Germany,139.223.187.83,2024-06-06,DEU
Germany,7.250.218.243,2024-06-06,DEU
Germany,226.14.182.38,2024-06-06,DEU
Germany,30.27.132.121,2024-06-06,DEU
Germany,85.4.163.117,2024-06-06,DEU
Germany,78.215.89.186,2024-06-06,DEU
Germany,84.98.232.253,2024-06-06,DEU
France,14.247.30.226,2024-06-06,FRA
France,248.50.172.148,2024-06-06,FRA
France,125.107.83.153,2024-06-06,FRA
France,176.249.185.30,2024-06-06,FRA
France,4.47.198.148,2024-06-06,FRA
France,247.14.207.161,2024-06-06,FRA
France,91.190.196.141,2024-06-06,FRA
France,43.79.236.107,2024-06-06,FRA
France,240.138.141.202,2024-06-06,FRA
France,251.225.248.232,2024-06-06,FRA
France,213.180.124.42,2024-06-06,FRA
France,253.159.164.23,2024-06-06,FRA
France,171.240.26.186,2024-06-06,FRA
France,250.214.114.127,2024-06-06,FRA
France,144.207.220.40,2024-06-06,FRA
France,101.252.239.143,2024-06-06,FRA
France,116.29.130.45,2024-06-06,FRA
France,98.195.137.226,2024-06-06,FRA
France,76.16.86.156,2024-06-06,FRA
France,186.178.145.144,2024-06-06,FRA
France,36.189.167.7,2024-06-06,FRA
France,198.233.82.100,2024-06-06,FRA
France,69.252.26.163,2024-06-06,FRA
France,163.128.175.72,2024-06-07,FRA
France,14.191.175.219,2024-06-07,FRA
France,129.188.77.142,2024-06-07,FRA
France,84.160.251.57,2024-06-07,FRA
France,209.216.114.74,2024-06-07,FRA
France,227.169.84.21,2024-06-07,FRA
France,218.119.88.236,2024-06-07,FRA
France,55.187.163.223,2024-06-07,FRA
France,152.0.254.230,2024-06-07,FRA
France,115.217.221.21,2024-06-07,FRA
France,103.132.111.31,2024-06-07,FRA
France,166.203.43.4,2024-06-07,FRA
France,47.110.87.185,2024-06-07,FRA
France,171.236.90.143,2024-06-07,FRA
France,14.16.120.1,2024-06-07,FRA
France,179.66.30.64,2024-06-07,FRA
France,194.136.219.236,2024-06-07,FRA
France,121.61.196.66,2024-06-07,FRA
France,125.69.112.255,2024-06-07,FRA
France,206.69.197.208,2024-06-07,FRA
France,178.80.107.131,2024-06-07,FRA
France,178.21.229.221,2024-06-07,FRA
France,79.151.170.176,2024-06-07,FRA
France,102.105.86.17,2024-06-07,FRA
France,52.38.124.181,2024-06-07,FRA
France,172.226.187.103,2024-06-07,FRA
France,14.185.24.39,2024-06-07,FRA
France,157.69.231.250,2024-06-07,FRA
France,69.8.4.59,2024-06-07,FRA
France,118.212.117.143,2024-06-07,FRA
France,47.9.26.226,2024-06-07,FRA
France,150.56.218.76,2024-06-07,FRA
France,239.205.154.76,2024-06-07,FRA
France,175.247.208.91,2024-06-07,FRA
France,179.165.97.199,2024-06-07,FRA
France,223.118.105.126,2024-06-07,FRA
France,0.182.36.82,2024-06-07,FRA
France,194.0.117.150,2024-06-07,FRA
France,234.88.149.240,2024-06-07,FRA
France,227.241.42.77,2024-06-07,FRA
France,174.67.209.233,2024-06-07,FRA
France,24.9.158.176,2024-06-07,FRA
France,88.120.47.21,2024-06-07,FRA
France,187.243.114.164,2024-06-07,FRA
France,87.213.7.182,2024-06-07,FRA
France,37.8.173.114,2024-06-07,FRA
France,23.38.229.34,2024-06-07,FRA
France,29.9.30.58,2024-06-07,FRA
France,223.240.109.167,2024-06-07,FRA
France,60.165.208.73,2024-06-08,FRA
France,252.67.18.195,2024-06-08,FRA
India,74.81.12.151,2024-06-08,IND
India,252.7.155.111,2024-06-08,IND
India,206.211.32.58,2024-06-08,IND
India,122.34.91.253,2024-06-08,IND
India,131.196.91.150,2024-06-08,IND
India,183.102.128.107,2024-06-08,IND
India,176.88.244.96,2024-06-08,IND
China,74.88.48.122,2024-06-08,CHN
China,231.120.180.103,2024-06-08,CHN
China,47.27.56.49,2024-06-08,CHN
China,78.90.49.139,2024-06-08,CHN
China,150.69.143.205,2024-06-08,CHN
China,254.152.30.235,2024-06-08,CHN
China,240.221.130.231,2024-06-08,CHN
China,84.162.52.244,2024-06-08,CHN
China,2.71.14.179,2024-06-08,CHN
China,1.249.115.133,2024-06-08,CHN
China,117.58.232.149,2024-06-08,CHN
Japan,168.240.123.59,2024-06-08,JPN
Japan,37.94.78.153,2024-06-08,JPN
Japan,151.40.128.159,2024-06-08,JPN
Japan,112.9.31.80,2024-06-08,JPN
Japan,7.176.100.8,2024-06-08,JPN
Japan,163.181.214.65,2024-06-08,JPN
Japan,8.207.216.213,2024-06-08,JPN
Japan,155.200.229.84,2024-06-08,JPN
Japan,50.238.145.147,2024-06-08,JPN
Japan,17.110.250.140,2024-06-08,JPN
Japan,196.29.188.147,2024-06-08,JPN
Japan,227.193.23.34,2024-06-08,JPN
Japan,28.3.63.105,2024-06-08,JPN
Japan,9.173.0.255,2024-06-08,JPN
Japan,251.127.19.228,2024-06-08,JPN
Japan,227.243.123.185,2024-06-08,JPN
Japan,173.72.103.89,2024-06-08,JPN
Japan,147.239.220.188,2024-06-08,JPN
Japan,180.4.137.10,2024-06-08,JPN
Japan,123.15.132.117,2024-06-08,JPN
Japan,217.8.203.76,2024-06-08,JPN
Japan,121.30.10.233,2024-06-08,JPN
Japan,147.5.57.98,2024-06-08,JPN
Japan,250.115.37.115,2024-06-08,JPN
Japan,44.18.213.73,2024-06-08,JPN
Japan,49.91.99.155,2024-06-08,JPN
Japan,244.25.187.176,2024-06-08,JPN
Japan,250.155.5.17,2024-06-08,JPN
Japan,115.154.237.142,2024-06-08,JPN
Japan,93.154.35.63,2024-06-08,JPN
Japan,161.62.136.200,2024-06-08,JPN
Japan,160.139.195.210,2024-06-08,JPN
Japan,182.71.202.212,2024-06-08,JPN
Japan,108.222.48.68,2024-06-08,JPN
Japan,210.124.97.1,2024-06-08,JPN
Japan,205.243.65.20,2024-06-08,JPN
Japan,64.79.191.67,2024-06-08,JPN
Japan,222.102.226.99,2024-06-08,JPN
Japan,170.47.136.43,2024-06-08,JPN
Japan,62.134.17.175,2024-06-08,JPN
Japan,31.71.136.214,2024-06-08,JPN
Japan,106.53.58.171,2024-06-08,JPN
Japan,252.139.221.210,2024-06-08,JPN
Japan,11.23.58.40,2024-06-08,JPN
Japan,8.192.73.191,2024-06-08,JPN
Japan,67.146.50.197,2024-06-08,JPN
Japan,156.82.164.39,2024-06-08,JPN
Japan,184.150.36.96,2024-06-08,JPN
Japan,252.75.215.215,2024-06-08,JPN
Japan,56.185.78.4,2024-06-08,JPN
Japan,161.121.114.163,2024-06-08,JPN
Japan,160.133.249.194,2024-06-08,JPN
Japan,5.122.95.160,2024-06-08,JPN
Japan,245.195.141.81,2024-06-08,JPN
Japan,203.223.66.109,2024-06-08,JPN
Japan,72.29.185.45,2024-06-08,JPN
Japan,252.98.244.146,2024-06-08,JPN
Japan,78.38.165.220,2024-06-08,JPN
Japan,53.25.233.63,2024-06-08,JPN
Japan,156.145.18.115,2024-06-08,JPN
Japan,122.203.169.191,2024-06-08,JPN
Japan,165.212.232.96,2024-06-08,JPN
Japan,233.2.171.152,2024-06-08,JPN
Japan,240.185.36.242,2024-06-08,JPN
Japan,2.79.34.117,2024-06-08,JPN
Japan,187.225.172.109,2024-06-08,JPN
Japan,152.207.33.79,2024-06-08,JPN
Japan,30.79.159.215,2024-06-08,JPN
Japan,54.254.106.222,2024-06-08,JPN
Japan,174.76.75.196,2024-06-08,JPN
Japan,205.47.162.10,2024-06-08,JPN
Japan,14.187.79.227,2024-06-08,JPN
Japan,181.104.40.119,2024-06-08,JPN
Japan,235.32.37.170,2024-06-08,JPN
Japan,152.133.23.119,2024-06-08,JPN
Japan,130.69.242.0,2024-06-08,JPN
Japan,147.164.33.129,2024-06-08,JPN
Japan,167.153.23.229,2024-06-08,JPN
Japan,60.87.74.53,2024-06-08,JPN
Japan,101.186.146.227,2024-06-08,JPN
Japan,179.162.182.201,2024-06-08,JPN
Japan,203.109.129.36,2024-06-08,JPN
Japan,217.139.100.89,2024-06-08,JPN
Japan,38.71.206.116,2024-06-08,JPN
Japan,17.61.64.40,2024-06-08,JPN
Japan,134.96.83.89,2024-06-08,JPN
Japan,216.44.124.146,2024-06-08,JPN
Japan,40.46.86.10,2024-06-08,JPN
Japan,187.50.22.6,2024-06-08,JPN
Japan,135.138.6.0,2024-06-08,JPN
Japan,18.19.141.232,2024-06-08,JPN
Japan,135.132.201.5,2024-06-08,JPN
Japan,191.248.50.168,2024-06-08,JPN
Japan,240.244.35.98,2024-06-08,JPN
Japan,136.177.139.247,2024-06-08,JPN
Japan,163.73.203.238,2024-06-08,JPN
Japan,129.198.38.220,2024-06-08,JPN
Japan,10.186.163.248,2024-06-08,JPN
Japan,115.252.79.33,2024-06-08,JPN
Brazil,185.160.34.113,2024-06-08,BRA
Brazil,85.219.26.207,2024-06-08,BRA
Brazil,136.225.163.29,2024-06-08,BRA
Brazil,93.197.78.10,2024-06-08,BRA
Brazil,93.170.27.172,2024-06-08,BRA
Brazil,31.48.139.55,2024-06-08,BRA
Brazil,129.84.197.123,2024-06-08,BRA
Brazil,49.229.197.138,2024-06-08,BRA
Brazil,104.233.169.200,2024-06-08,BRA
Brazil,137.81.76.133,2024-06-08,BRA
Brazil,102.31.31.18,2024-06-08,BRA
Brazil,146.135.215.114,2024-06-08,BRA
Brazil,201.124.235.66,2024-06-08,BRA
Brazil,1.231.86.54,2024-06-08,BRA
Brazil,157.180.203.59,2024-06-08,BRA
Brazil,134.61.146.89,2024-06-08,BRA
Brazil,148.224.209.188,2024-06-08,BRA
Brazil,54.99.134.181,2024-06-08,BRA
Brazil,227.242.31.45,2024-06-08,BRA
Brazil,252.192.247.152,2024-06-08,BRA
Brazil,44.13.255.94,2024-06-08,BRA
Brazil,213.56.153.199,2024-06-08,BRA
Brazil,221.84.115.128,2024-06-08,BRA
Brazil,191.193.60.171,2024-06-08,BRA
Brazil,185.246.142.104,2024-06-08,BRA
Brazil,182.156.32.154,2024-06-08,BRA
Brazil,134.139.166.51,2024-06-08,BRA
Brazil,246.169.244.82,2024-06-09,BRA
Brazil,213.126.139.57,2024-06-09,BRA
Brazil,78.9.228.177,2024-06-09,BRA
Brazil,159.162.75.255,2024-06-09,BRA
Brazil,100.225.230.195,2024-06-09,BRA
Brazil,34.167.72.235,2024-06-09,BRA
Brazil,181.153.150.96,2024-06-09,BRA
Brazil,190.131.133.72,2024-06-09,BRA
Brazil,88.152.87.89,2024-06-09,BRA
Brazil,50.15.235.187,2024-06-09,BRA
Brazil,196.189.191.184,2024-06-09,BRA
Brazil,200.221.195.202,2024-06-09,BRA
Brazil,124.114.195.163,2024-06-09,BRA
Brazil,161.64.46.124,2024-06-09,BRA
Brazil,181.243.24.170,2024-06-09,BRA
Brazil,130.250.94.239,2024-06-09,BRA
Brazil,66.163.101.201,2024-06-09,BRA
Brazil,116.102.36.65,2024-06-09,BRA
Brazil,148.121.152.53,2024-06-09,BRA
Brazil,14.48.14.150,2024-06-09,BRA
Brazil,215.4.82.197,2024-06-09,BRA
Brazil,178.10.27.139,2024-06-09,BRA
Brazil,11.172.101.227,2024-06-09,BRA
Brazil,61.168.148.192,2024-06-09,BRA
Brazil,167.157.193.181,2024-06-09,BRA
Brazil,81.199.18.8,2024-06-09,BRA
Brazil,180.5.31.11,2024-06-09,BRA
Brazil,8.245.23.207,2024-06-09,BRA
Brazil,77.113.156.234,2024-06-09,BRA
Brazil,98.183.253.128,2024-06-09,BRA
Brazil,214.240.147.21,2024-06-10,BRA
Brazil,137.166.226.131,2024-06-10,BRA
Brazil,227.60.28.171,2024-06-10,BRA
Brazil,79.15.162.152,2024-06-10,BRA
Brazil,151.163.2.227,2024-06-10,BRA
United States,25.181.148.19,2024-06-10,USA
Canada,195.53.109.214,2024-06-10,CAN
Canada,240.136.3.242,2024-06-10,CAN
Canada,215.193.253.81,2024-06-10,CAN
Canada,246.41.254.118,2024-06-10,CAN
Canada,68.115.182.83,2024-06-10,CAN
Canada,195.73.161.244,2024-06-10,CAN
Canada,67.19.219.49,2024-06-10,CAN
Canada,140.99.114.141,2024-06-10,CAN
Canada,41.168.241.66,2024-06-10,CAN
Canada,83.236.204.59,2024-06-10,CAN
Canada,92.168.50.14,2024-06-10,CAN
Canada,92.163.129.32,2024-06-10,CAN
Canada,66.149.107.157,2024-06-10,CAN
Canada,54.233.156.241,2024-06-10,CAN
Canada,202.171.142.61,2024-06-10,CAN
Canada,116.190.11.225,2024-06-10,CAN
Canada,160.182.207.44,2024-06-10,CAN
Canada,153.134.7.12,2024-06-10,CAN
Canada,129.82.185.87,2024-06-10,CAN
Canada,46.48.123.82,2024-06-10,CAN
Canada,21.111.147.185,2024-06-10,CAN
Canada,192.6.151.7,2024-06-10,CAN
Canada,18.186.31.227,2024-06-10,CAN
Canada,66.212.29.93,2024-06-10,CAN
Canada,172.131.104.66,2024-06-10,CAN
Canada,6.234.111.205,2024-06-10,CAN
Canada,138.18.29.168,2024-06-10,CAN
Canada,152.50.38.67,2024-06-10,CAN
Canada,0.177.182.200,2024-06-10,CAN
Canada,212.66.108.83,2024-06-10,CAN
